Audi ,Chevrolet
Chevrolet ,Cadillac
Cadillac ,Mazda
Mazda ,Mazda
Mazda ,Toyota
Toyota ,Vado
Vado ,Vado
Vado ,Esquivar
Esquivar ,Nissan
Nissan ,Saab
Saab ,Buick
Buick ,GMC
GMC ,Audi
Audi ,Volkswagen
Volkswagen ,Kia
Kia ,Lamborghini
Chevrolet, Mazda ,Vado
Cadillac, Mazda ,Vado
Mazda, Toyota ,Esquivar
Mazda, Vado ,Nissan
Toyota, Vado ,Saab
Vado, Esquivar ,Buick
Vado, Nissan ,GMC
Esquivar, Saab ,Audi
Nissan, Buick ,Volkswagen
Saab, GMC ,Kia
Buick, Audi ,Lamborghini
GMC, Volkswagen ,Infiniti
Audi, Kia ,Chevrolet
Volkswagen, Lamborghini ,Vado
Kia, Infiniti ,Hyundai
Lamborghini, Chevrolet ,Pontiac
Infiniti, Vado ,Maybach
Chevrolet, Hyundai ,BMW
Vado, Pontiac ,Mitsubishi
Hyundai, Maybach ,Honda
Pontiac, BMW ,todoterreno
Maybach, Mitsubishi ,Mercurio
BMW, Honda ,Acura
Mitsubishi, todoterreno ,Porsche
Honda, Mercurio ,Acura
todoterreno, Acura ,Toyota
Mercurio, Porsche ,Lexus
Acura, Acura ,Lexus
Porsche, Toyota ,Honda
Acura, Lexus ,GMC
Toyota, Lexus ,Land Rover
Lexus, Honda ,Chevrolet
Lexus, GMC ,Vado
Honda, Land Rover ,Vado
GMC, Chevrolet ,Mercurio
Land Rover, Vado ,Oldsmobile
Chevrolet, Vado ,Audi
Vado, Mercurio ,Honda
Vado, Oldsmobile ,Buick
Mercurio, Audi ,Acura
Oldsmobile, Honda ,Esquivar
Audi, Buick ,Mercedes-Benz
Honda, Acura ,Subaru
Buick, Esquivar ,Maybach
Acura, Mercedes-Benz ,Kia
Esquivar, Subaru ,Volvo
Mercedes-Benz, Maybach ,Buick
Subaru, Kia ,Mercedes-Benz
Maybach, Volvo ,Mitsubishi
Kia, Buick ,Land Rover
Volvo, Mercedes-Benz ,Toyota
Buick, Mitsubishi ,Mazda
Mercedes-Benz, Land Rover ,Mercedes-Benz
Mitsubishi, Toyota ,Volkswagen
Land Rover, Mazda ,Plymouth
Toyota, Mercedes-Benz ,Vado
Mazda, Volkswagen ,Honda
Mercedes-Benz, Plymouth ,Jaguar
Volkswagen, Vado ,Infiniti
Plymouth, Honda ,Nissan
Vado, Jaguar ,Subaru
Honda, Infiniti ,Saab
Jaguar, Nissan ,Nissan
Infiniti, Subaru ,Lexus
Nissan, Saab ,Chrysler
Subaru, Nissan ,Oldsmobile
Saab, Lexus ,Chevrolet
Nissan, Chrysler ,Toyota
Lexus, Oldsmobile ,Chrysler
Chrysler, Chevrolet ,Porsche
Oldsmobile, Toyota ,Mazda
Chevrolet, Chrysler ,V stago
Toyota, Porsche ,Nissan
Cadillac ,Cadillac
Cadillac ,Mazda
Mazda ,Toyota
Toyota ,Nissan
Nissan ,Kia
Kia ,Mercurio
Mercurio ,Mitsubishi
Mitsubishi ,GMC
GMC ,Esquivar
Esquivar ,Toyota
Chevrolet ,Cadillac, Mazda ,Toyota
Cadillac ,Mazda, Toyota ,Vado
Mazda ,Mazda, Vado ,Vado
Mazda ,Toyota, Vado ,Esquivar
Toyota ,Vado, Esquivar ,Nissan
Vado ,Vado, Nissan ,Saab
Vado ,Esquivar, Saab ,Buick
Esquivar ,Nissan, Buick ,GMC
Nissan ,Saab, GMC ,Audi
Saab ,Buick, Audi ,Volkswagen
Buick ,GMC, Volkswagen ,Kia
GMC ,Audi, Kia ,Lamborghini
Audi ,Volkswagen, Chevrolet, Mazda ,Vado
Volkswagen ,Kia, Cadillac, Mazda ,Vado
Kia ,Lamborghini, Mazda, Toyota ,Esquivar
Chevrolet, Mazda ,Vado, Mazda, Vado ,Nissan
Cadillac, Mazda ,Vado, Toyota, Vado ,Saab
Mazda, Toyota ,Esquivar, Vado, Esquivar ,Buick
Mazda, Vado ,Nissan, Vado, Nissan ,GMC
Toyota, Vado ,Saab, Esquivar, Saab ,Audi
Vado, Esquivar ,Buick, Nissan, Buick ,Volkswagen
Vado, Nissan ,GMC, Saab, GMC ,Kia
Esquivar, Saab ,Audi, Buick, Audi ,Lamborghini
Nissan, Buick ,Volkswagen, GMC, Volkswagen ,Infiniti
Saab, GMC ,Kia, Audi, Kia ,Chevrolet
Buick, Audi ,Lamborghini, Volkswagen, Lamborghini ,Vado
GMC, Volkswagen ,Infiniti, Kia, Infiniti ,Hyundai
Audi, Kia ,Chevrolet, Lamborghini, Chevrolet ,Pontiac
Volkswagen, Lamborghini ,Vado, Infiniti, Vado ,Maybach
Kia, Infiniti ,Hyundai, Chevrolet, Hyundai ,BMW
Lamborghini, Chevrolet ,Pontiac, Vado, Pontiac ,Mitsubishi
Infiniti, Vado ,Maybach, Hyundai, Maybach ,Honda
Chevrolet, Hyundai ,BMW, Pontiac, BMW ,todoterreno
Vado, Pontiac ,Mitsubishi, Maybach, Mitsubishi ,Mercurio
Hyundai, Maybach ,Honda, BMW, Honda ,Acura
Pontiac, BMW ,todoterreno, Mitsubishi, todoterreno ,Porsche
Maybach, Mitsubishi ,Mercurio, Honda, Mercurio ,Acura
BMW, Honda ,Acura, todoterreno, Acura ,Toyota
Mitsubishi, todoterreno ,Porsche, Mercurio, Porsche ,Lexus
Honda, Mercurio ,Acura, Acura, Acura ,Lexus
todoterreno, Acura ,Toyota, Porsche, Toyota ,Honda
Mercurio, Porsche ,Lexus, Acura, Lexus ,GMC
Acura, Acura ,Lexus, Toyota, Lexus ,Land Rover
Porsche, Toyota ,Honda, Lexus, Honda ,Chevrolet
Acura, Lexus ,GMC, Lexus, GMC ,Vado
Toyota, Lexus ,Land Rover, Honda, Land Rover ,Vado
Lexus, Honda ,Chevrolet, GMC, Chevrolet ,Mercurio
Lexus, GMC ,Vado, Land Rover, Vado ,Oldsmobile
Honda, Land Rover ,Vado, Chevrolet, Vado ,Audi
GMC, Chevrolet ,Mercurio, Vado, Mercurio ,Honda
Land Rover, Vado ,Oldsmobile, Vado, Oldsmobile ,Buick
Chevrolet, Vado ,Audi, Mercurio, Audi ,Acura
Vado, Mercurio ,Honda, Oldsmobile, Honda ,Esquivar
Vado, Oldsmobile ,Buick, Audi, Buick ,Mercedes-Benz
Mercurio, Audi ,Acura, Honda, Acura ,Subaru
Oldsmobile, Honda ,Esquivar, Buick, Esquivar ,Maybach
Audi, Buick ,Mercedes-Benz, Acura, Mercedes-Benz ,Kia
Honda, Acura ,Subaru, Esquivar, Subaru ,Volvo
Buick, Esquivar ,Maybach, Mercedes-Benz, Maybach ,Buick
Acura, Mercedes-Benz ,Kia, Subaru, Kia ,Mercedes-Benz
Esquivar, Subaru ,Volvo, Maybach, Volvo ,Mitsubishi
Mercedes-Benz, Maybach ,Buick, Kia, Buick ,Land Rover
Subaru, Kia ,Mercedes-Benz, Volvo, Mercedes-Benz ,Toyota
Maybach, Volvo ,Mitsubishi, Buick, Mitsubishi ,Mazda
Kia, Buick ,Land Rover, Mercedes-Benz, Land Rover ,Mercedes-Benz
Volvo, Mercedes-Benz ,Toyota, Mitsubishi, Toyota ,Volkswagen
Buick, Mitsubishi ,Mazda, Land Rover, Mazda ,Plymouth
Mercedes-Benz, Land Rover ,Mercedes-Benz, Toyota, Mercedes-Benz ,Vado
Mitsubishi, Toyota ,Volkswagen, Mazda, Volkswagen ,Honda
Land Rover, Mazda ,Plymouth, Mercedes-Benz, Plymouth ,Jaguar
Toyota, Mercedes-Benz ,Vado, Volkswagen, Vado ,Infiniti
Mazda, Volkswagen ,Honda, Plymouth, Honda ,Nissan
Mercedes-Benz, Plymouth ,Jaguar, Vado, Jaguar ,Subaru
Volkswagen, Vado ,Infiniti, Honda, Infiniti ,Saab
Plymouth, Honda ,Nissan, Jaguar, Nissan ,Nissan
Vado, Jaguar ,Subaru, Infiniti, Subaru ,Lexus
Honda, Infiniti ,Saab, Nissan, Saab ,Chrysler
Jaguar, Nissan ,Nissan, Subaru, Nissan ,Oldsmobile
Infiniti, Subaru ,Lexus, Saab, Lexus ,Chevrolet
Nissan, Saab ,Chrysler, Nissan, Chrysler ,Toyota
Subaru, Nissan ,Oldsmobile, Lexus, Oldsmobile ,Chrysler
Saab, Lexus ,Chevrolet, Chrysler, Chevrolet ,Porsche
Nissan, Chrysler ,Toyota, Oldsmobile, Toyota ,Mazda
Lexus, Oldsmobile ,Chrysler, Chevrolet, Chrysler ,V stago
Chrysler, Chevrolet ,Porsche, Toyota, Porsche ,Nissan
Oldsmobile, Toyota ,Mazda, Cadillac ,Cadillac
Chevrolet, Chrysler ,V stago, Cadillac ,Mazda
Toyota, Porsche ,Nissan, Mazda ,Toyota
Cadillac ,Cadillac, Toyota ,Nissan
Cadillac ,Mazda, Nissan ,Kia
Mazda ,Toyota, Kia ,Mercurio
Toyota ,Nissan, Mercurio ,Mitsubishi
Nissan ,Kia, Mitsubishi ,GMC
Kia ,Mercurio, GMC ,Esquivar
Mercurio ,Mitsubishi, Esquivar ,Toyota
Mitsubishi ,GMC, Chevrolet ,Cadillac, Mazda ,Toyota
GMC ,Esquivar, Cadillac ,Mazda, Toyota ,Vado
Esquivar ,Toyota, Mazda ,Mazda, Vado ,Vado
Chevrolet ,Cadillac, Mazda ,Toyota, Mazda ,Toyota, Vado ,Esquivar
Cadillac ,Mazda, Toyota ,Vado, Toyota ,Vado, Esquivar ,Nissan
Mazda ,Mazda, Vado ,Vado, Vado ,Vado, Nissan ,Saab
Mazda ,Toyota, Vado ,Esquivar, Vado ,Esquivar, Saab ,Buick
Toyota ,Vado, Esquivar ,Nissan, Esquivar ,Nissan, Buick ,GMC
Vado ,Vado, Nissan ,Saab, Nissan ,Saab, GMC ,Audi
Vado ,Esquivar, Saab ,Buick, Saab ,Buick, Audi ,Volkswagen
Esquivar ,Nissan, Buick ,GMC, Buick ,GMC, Volkswagen ,Kia
Nissan ,Saab, GMC ,Audi, GMC ,Audi, Kia ,Lamborghini
Saab ,Buick, Audi ,Volkswagen, Audi ,Volkswagen, Chevrolet, Mazda ,Vado
